{
    "0": 0.15937414816291653,
    "1": 0.15864651966156038,
    "2": 0.15739659759818908,
    "3": 0.15855179804673353,
    "4": 0.15806443126523656,
    "5": 0.1578905875861859,
    "6": 0.15693216937595691,
    "7": 0.1569345502047098,
    "8": 0.1569016087422475,
    "9": 0.15702214404000966,
    "10": 0.1570247512458593,
    "11": 0.15706072698351123,
    "12": 0.15696579123753138,
    "13": 0.1569363833590277,
    "14": 0.15703697187287835,
    "15": 0.15710683003044243,
    "16": 0.157166574690975,
    "17": 0.15741758447969495,
    "18": 0.15716120663430674,
    "19": 0.15689647627179037,
    "20": 0.1568765142423487,
    "21": 0.15723185049257427,
    "22": 0.15830035013378638,
    "23": 0.15955472695192394
}