{
    "0": 0.15974783930281208,
    "1": 0.15931233400025638,
    "2": 0.15803781689371518,
    "3": 0.15899887933688334,
    "4": 0.158217128648462,
    "5": 0.15810848617270853,
    "6": 0.15736692978338154,
    "7": 0.1573538834346131,
    "8": 0.15728831452338,
    "9": 0.1574272256638502,
    "10": 0.1574747971169794,
    "11": 0.15742259427745328,
    "12": 0.15738012254669345,
    "13": 0.15737582262234442,
    "14": 0.157400424386734,
    "15": 0.15749620407443024,
    "16": 0.15762126611067395,
    "17": 0.15786809764334905,
    "18": 0.15753340910130212,
    "19": 0.15727196134278654,
    "20": 0.15722516611600762,
    "21": 0.15765587911193366,
    "22": 0.15885593036564788,
    "23": 0.15995121819467456
}