weekday,MAPE20
Friday,7.276799177982686
Monday,7.473306467907177
Saturday,16.08814319846346
Sunday,19.507615690451747
Thursday,6.736607663265616
Tuesday,9.537406921541615
Wednesday,6.824211167394133
