weekday,MAPE20
Friday,23.529865669182133
Monday,18.77779168057426
Saturday,27.419138859019995
Sunday,30.18266922212888
Thursday,21.743449530249542
Tuesday,16.491711925061054
Wednesday,18.418585930501113
