weekday,MAPE20
Friday,5.941331929885424
Monday,8.704081069855462
Saturday,16.172023351375874
Sunday,19.905794129788298
Thursday,6.394888995931699
Tuesday,10.157180384227209
Wednesday,6.970789900192847
GLOBAL,10.590601923861458
