weekday,MAPE20
Friday,5.407488679656615
Monday,7.984807900020054
Saturday,13.498909927331484
Sunday,17.65650704184782
Thursday,6.295708319315543
Tuesday,8.817813227290198
Wednesday,5.633130850700232
GLOBAL,9.313799962258306
