weekday,MAPE20
Friday,5.404418791715916
Monday,7.973223477318173
Saturday,13.494174209924845
Sunday,17.960019849595568
Thursday,6.291624303047474
Tuesday,8.811009632973445
Wednesday,5.6292177599210005
GLOBAL,9.375332158013016
