weekday,MAPE20
Friday,5.473503626309908
Monday,8.35477056503296
Saturday,13.31491006223055
Sunday,17.455281437022016
Thursday,6.35658530661693
Tuesday,9.829708294641405
Wednesday,7.300008040208083
GLOBAL,9.714053497883517
