weekday,MAPE20
Friday,4.9741172801989775
Monday,8.633990934916906
Saturday,8.603677233824364
Sunday,17.07786869655535
Thursday,6.7249720979195375
Tuesday,8.402890500568208
Wednesday,6.0152290394672985
GLOBAL,8.621350581917415
