weekday,MAPE20
Friday,4.973089445095796
Monday,8.63102599098569
Saturday,8.601434693886684
Sunday,17.41747921534947
Thursday,6.721461550547526
Tuesday,8.396061415899368
Wednesday,6.011938409163402
GLOBAL,8.690429003555048
